problem,config,level,ranks,seeds,wall,cpu,precompute,iterations,corrections,cold_wall,cold_cpu,jit_estimate,wall_x_ranks,per_iteration,per_correction
absorber,current,100.0,8,1,31.625757709000027,251.254805318,0.47868151900001976,0.2663144329997067,30.87316392999992,198.013823258,1548.425958925,185.2914257192002,253.00606167200021,0.02663144329997067,7.71829098249998
absorber,current,400.0,8,1,89.63386846799995,715.522746312,0.40666496900007587,0.7632188310001311,88.45876351300012,182.52742427899994,1422.481287965,155.84503643865,717.0709477439996,0.07632188310001312,22.11469087825003
absorber,current,1600.0,8,1,352.7823203930001,2814.057758406,0.4062420349999911,3.210435131999816,349.15803708499993,219.40896674099997,1716.758142413,127.12290834255003,2822.2585631440006,0.3210435131999816,87.28950927124998
absorber,dissertation,100.0,8,1,0.6251606800000218,4.976399646999965,0.3978685619999851,0.22296277300006295,0.0,150.72079362799997,1190.053037419,148.14175635470005,5.001285440000174,0.022296277300006294,nan
absorber,dissertation,400.0,8,1,1.1452509000000646,9.108417834999983,0.4091002689999641,0.7306310569999823,0.0,155.632401474,1230.257213792,153.02876870530002,9.162007200000517,0.07306310569999823,nan
absorber,dissertation,1600.0,8,1,3.0404214370000773,24.254063342000023,0.39555858699998225,2.640454775999956,0.0,146.81893631099996,1135.57159168,142.00176921840006,24.323371496000618,0.2640454775999956,nan
absorber,smc,100.0,8,1,0.289423069999998,2.236744540000032,nan,nan,nan,110.91916714000001,879.052406636,110.91902386125248,2.315384559999984,nan,nan
absorber,smc,400.0,8,1,0.8419238389999464,6.6511562770000126,nan,nan,nan,117.77005083900008,933.856166324,117.76994664050515,6.735390711999571,nan,nan
absorber,smc,1600.0,8,1,2.9978594890000068,23.859545498999992,nan,nan,nan,119.543256197,948.298486033,119.54316344144651,23.982875912000054,nan,nan
