problem,config,level,seeds,error_cell,error_cell_spread,error_hat,cost_cpu_s,histories,fom
absorber,smc,100.0,1,0.06724560551005003,0.0,nan,2.315384559999984,202000.0,95.51004508090917
absorber,smc,400.0,1,0.029663023637754977,0.0,nan,6.735390711999571,808000.0,168.7354642081671
absorber,smc,1600.0,1,0.015415726577570038,0.0,nan,23.982875912000054,3232000.0,175.4570171860496
absorber,dissertation,100.0,1,2.0401162192286003e-05,0.0,nan,5.001285440000174,202000.0,480406130.65925574
absorber,dissertation,400.0,1,2.0402809464525504e-05,0.0,nan,9.162007200000517,808000.0,262198029.54335433
absorber,dissertation,1600.0,1,2.0402809795047362e-05,0.0,nan,24.323371496000618,3232000.0,98763452.96394393
absorber,current,100.0,1,1.1362099908710324e-05,0.0,nan,253.00606167200021,282800.0,30616240.87430182
absorber,current,400.0,1,5.392801522417429e-06,0.0,nan,717.0709477439996,1131200.0,47952251.03570575
absorber,current,1600.0,1,3.0850864094457537e-06,0.0,nan,2822.2585631440006,4524800.0,37227899.72014834
